Brand Name,Start Date,End Date,title,URL(link)
7-11優惠,2024/07/01,2024/07/31,7月登錄7-11 OPENPOINT全額折抵電費享點數回饋,https://onelife.tw/a/20600
7-11優惠,2024/05/29,2024/07/31,ibon投保泰安產險贈7-11購物金,https://onelife.tw/a/20532
全家優惠,2024/06/12,2024/07/31,全家全盈PAY飲料季搖一夏回饋Fa點,https://onelife.tw/a/20574
全家優惠,2024/05/01,2024/07/31,全家澎湖地區限定閃耀花火繽紛一夏,https://onelife.tw/a/20482
中國信託抽獎,2024/05/01,2024/07/31,7-11中信銀ATM月月跨提存2筆抽三星摺疊螢幕手機,https://onelife.tw/a/20496
可口可樂優惠,2024/05/01,2024/07/31,可口可樂漫威好禮集點之戰送聯名設計款好禮,https://onelife.tw/a/20498
光泉抽獎,2024/06/01,2024/07/31,光泉優酪乳簡單消化節抽家電,https://onelife.tw/a/20582
聯華食品抽獎,2024/03/06,2024/07/31,荷卡廚坊荷卡輕食樂抽iPhone15,https://onelife.tw/a/20379
桂冠抽獎,2024/07/01,2024/07/31,桂冠世界宅宅日居家料理趣抽無線吸塵器,https://onelife.tw/a/20634
勝博殿抽獎,2024/05/22,2024/07/31,勝博殿創業感謝祭抽日本來回機票、萬元抵用券,https://onelife.tw/a/20589
獵人谷之夢抽獎,2024/06/28,2024/07/31,獵人谷之夢澳洲橄欖油節抽雪梨來回機票,https://onelife.tw/a/20675
台灣瑪氏抽獎,2024/07/10,2024/08/06,7-11獨家Airwaves嚼對不平凡抽Apple好禮,https://onelife.tw/a/20660
7-11優惠,2024/07/24,2024/08/06,7-11決勝時刻M買貝殼幣抽永久艾本足球隊長,https://onelife.tw/a/20661
7-11優惠,2024/07/24,2024/08/06,7-11 CITY CAFE 20週年飲品優惠活動,https://onelife.tw/a/20666
全家優惠,2024/07/10,2024/08/06,早點來全家49元起早餐組合天天美味超好點,https://onelife.tw/a/20647
全家優惠,2024/07/10,2024/08/06,全家家庭號土司鮮奶私品茶優惠,https://onelife.tw/a/20648
全家抽獎,2024/06/26,2024/08/06,全家FUN暑假抽獎趣抽沖繩自由行,https://onelife.tw/a/20606
金車抽獎,2024/07/12,2024/08/08,全聯限定金夏沁涼暢享之旅抽旅遊金,https://onelife.tw/a/20652
中衛抽獎,2024/06/21,2024/08/08,CSD中衛品牌月抽東京來回機票,https://onelife.tw/a/20641
福茂抽獎,2024/05/10,2024/08/08,福茂貢丸40週年回饋抽iPhone15,https://onelife.tw/a/20519
寶礦力水得抽獎,2024/05/20,2024/08/09,寶礦力路跑六年祭抽5星渡假飯店,https://onelife.tw/a/20642
光泉抽獎,2024/07/03,2024/08/13,茉莉茶園全明星街球派對抽Airpods,https://onelife.tw/a/20623
OK超商優惠,2024/07/25,2024/08/14,OK超商代收寄取件杜老爺、曠世奇派買2送2,https://onelife.tw/a/20678
OK超商優惠,2024/07/25,2024/08/14,OK超商週週超值選，會員獨享眾多商品買1送1,https://onelife.tw/a/20679
大成抽獎,2024/07/01,2024/08/15,精彩賽事少不了大成食品抽法國來回機票,https://onelife.tw/a/20649
統一抽獎,2024/07/17,2024/08/17,純喫茶趁新鮮瘋狂衝一波抽豪華郵輪旅遊金,https://onelife.tw/a/20659
黑松抽獎,2024/06/12,2024/08/20,黑松FIN亞洲自由玩抽星宇亞洲雙人來回機票,https://onelife.tw/a/20581
萊爾富優惠,2024/07/24,2024/08/20,萊爾富LINE Pay付款滿額送LINE POINTS,https://onelife.tw/a/20668
萊爾富優惠,2024/07/24,2024/08/20,萊爾富天天聯邦支付日現折活動,https://onelife.tw/a/20669
萊爾富優惠,2024/07/24,2024/08/20,萊爾富咖啡植純生活優惠,https://onelife.tw/a/20670
萊爾富抽獎,2024/07/24,2024/08/20,萊爾富限定星城Online乃星城鬆一夏,https://onelife.tw/a/20671
全家抽獎,2024/07/24,2024/08/20,全家隨買跨店取7週年慶抽萬元好禮,https://onelife.tw/a/20672
全家抽獎,2024/07/24,2024/08/20,全家TEAM運動抽Panasonic 4K液晶電視,https://onelife.tw/a/20673
全家抽獎,2024/07/10,2024/08/20,吃全家全明星商品抽MLB世界大賽門票機加酒,https://onelife.tw/a/20645
全家抽獎,2024/07/10,2024/08/20,全家世界級普渡世界好拜抽黃金,https://onelife.tw/a/20646
7-11優惠,2024/07/24,2024/08/20,7-11超吉好運拜中元商品優惠,https://onelife.tw/a/20664
7-11優惠,2024/07/17,2024/08/20,7-11家庭號優惠價加送OP點數,https://onelife.tw/a/20653
7-11抽獎,2024/07/17,2024/08/20,7-11飲料抽抽樂最低只要0元再抽Pixel 8,https://onelife.tw/a/20655
7-11優惠,2024/07/17,2024/08/20,7-11超值組合45元起自由搭配咖啡加10元升級大杯,https://onelife.tw/a/20663
生力啤酒抽獎,2024/06/26,2024/08/20,香港生力啤紅馬抽Honda電動自行車,https://onelife.tw/a/20614
IRIS抽獎,2024/07/06,2024/08/23,IRIS OHYAMA夏季CHILL一夏喝好水週週抽好禮,https://onelife.tw/a/20676
金車抽獎,2024/07/10,2024/08/23,全家限定伯朗咖啡世界與我同行抽雙人來回機票,https://onelife.tw/a/20651
森永抽獎,2024/06/17,2024/08/25,嗨啾全民公投玩賓果想中什麼自己選抽最大獎10萬現金,https://onelife.tw/a/20597
7-11抽獎,2024/07/10,2024/08/27,7-11史奴比玩樂超值福袋抽黃金、舊金山機票、百萬OP點,https://onelife.tw/a/20654
全聯抽獎,2024/06/28,2024/08/28,全聯2024夏日福袋抽百萬休旅車,https://onelife.tw/a/20611
黑松抽獎,2024/05/29,2024/08/29,黑松茶花健康FUN大招抽瑞士來回機票、PS5,https://onelife.tw/a/20569
光泉抽獎,2024/07/15,2024/08/31,BUY光泉最好拜抽萬元現金、Apple好禮,https://onelife.tw/a/20682
光泉抽獎,2024/07/01,2024/08/31,光泉營養牛乳營養多更多抽SONY 4K電視,https://onelife.tw/a/20621
光泉抽獎,2024/06/01,2024/08/31,晶典小品甜滿你的心抽現金5萬元,https://onelife.tw/a/20583
泰山抽獎,2024/07/01,2024/08/31,泰山普渡油好禮點滴要保庇抽膳魔師夢幻萬元鍋具,https://onelife.tw/a/20633
味全抽獎,2024/07/15,2024/08/31,喝味全每日C蔬菜新品抽天母棒球場星空露營席,https://onelife.tw/a/20674
喜年來抽獎,2024/05/15,2024/08/31,適時來點金牛角送漫畫代幣抽萬元現金,https://onelife.tw/a/20561
佳格抽獎,2024/07/01,2024/08/31,加倍佳瑪利歐驚喜蛋抽大阪環球影城之旅,https://onelife.tw/a/20629
佳格抽獎,2024/07/01,2024/08/31,買桂格機能飲、奇動能量飲萬元現金周周抽,https://onelife.tw/a/20630
佳格抽獎,2024/06/24,2024/08/31,桂格福樂熱血應援巴黎抽巴黎雙人來回機票,https://onelife.tw/a/20627
佳格抽獎,2024/05/22,2024/08/31,買桂格早餐穀片抽東京來回機票迪士尼門票,https://onelife.tw/a/20557
愛之味抽獎,2024/07/17,2024/08/31,愛之味慶讚中元週週抽iPhone15,https://onelife.tw/a/20681
百事可樂抽獎,2024/06/05,2024/08/31,百事煥新勁爽暢快抽iPhone15,https://onelife.tw/a/20640
旺旺抽獎,2024/06/15,2024/08/31,旺旺即嗑應援浪你趣巴黎抽巴黎來回機票,https://onelife.tw/a/20625
統一抽獎,2024/06/01,2024/08/31,寵物公園Petlife寵夏毛孩集點趣抽dyson空氣清淨機,https://onelife.tw/a/20657
可口可樂抽獎,2024/07/01,2024/08/31,喝雪碧透心涼心飛揚集點抽潮酷好禮,https://onelife.tw/a/20617
OK超商優惠,2024/06/01,2024/08/31,OK超商台灣Pay現金回饋,https://onelife.tw/a/20550
台灣菸酒抽獎,2024/06/17,2024/08/31,台酒中元節全麵開運趣抽露營好禮,https://onelife.tw/a/20680
魔爪抽獎,2024/06/26,2024/09/03,喝魔爪抽東京電玩展雙人之旅,https://onelife.tw/a/20613
金車抽獎,2024/07/01,2024/09/04,觀賽暢飲奧利多送你玩一夏抽萬元旅遊金,https://onelife.tw/a/20631
7-11抽獎,2024/07/24,2024/09/04,7-11在城市續寫故事抽1年份CITY CAFE,https://onelife.tw/a/20667
雀巢抽獎,2024/05/22,2024/09/05,雀巢讓你玩翻大阪小小兵世界雙人遊,https://onelife.tw/a/20592
聯華食品抽獎,2024/07/08,2024/09/06,可樂果抽日本環球影城雙人遊,https://onelife.tw/a/20683
桂冠抽獎,2024/07/01,2024/09/09,桂冠夏日輕鬆備餐FUN暑假雙週抽萬元旅遊金,https://onelife.tw/a/20635
evian抽獎,2024/06/15,2024/09/14,evian依雲帶你去看2025溫布頓網球賽,https://onelife.tw/a/20616
可口可樂抽獎,2024/07/15,2024/09/17,可口可樂夏日魔力食刻抽馬爾地夫雙人行,https://onelife.tw/a/20685
黑松抽獎,2024/07/10,2024/09/18,黑松沙士熱血玩世界抽全球航點來回機票，PS5,https://onelife.tw/a/20650
南僑抽獎,2024/07/10,2024/09/19,全聯大潤發限定南僑讚岐歡慶金賞獎抽iPhone15、iPad,https://onelife.tw/a/20656
維他露抽獎,2024/07/01,2024/09/23,喝舒跑玩AI合照挺小戴雙週抽舒跑x小戴紀念金牌組,https://onelife.tw/a/20636
悅氏抽獎,2024/07/01,2024/09/30,喝悅氏月月抽PS5,https://onelife.tw/a/20632
聯華食品抽獎,2024/06/20,2024/09/30,萬歲牌安心堅果月月抽Dyson空氣清淨機,https://onelife.tw/a/20684
光泉抽獎,2024/07/03,2024/09/30,茉莉茶園你今天Me time了嗎抽萬元現金,https://onelife.tw/a/20624
光泉抽獎,2024/07/01,2024/09/30,光泉健康好豆陣抽百萬現金大樂透,https://onelife.tw/a/20620
光泉抽獎,2024/07/01,2024/09/30,重乳就是要紅奶茶就是要濃抽現金,https://onelife.tw/a/20622
台塩生技抽獎,2024/06/15,2024/09/30,台塩無可取代挺你奪金抽百萬現金、iPhone15,https://onelife.tw/a/20638
廣吉食品抽獎,2024/07/01,2024/09/30,這buy買廣吉作伙挺平安抽dyson空氣清淨機,https://onelife.tw/a/20637
台塩生技抽獎,2024/07/05,2024/10/05,台塩在手FUN心出遊抽東京來回機票、iPhone15,https://onelife.tw/a/20639
OK超商優惠,2024/07/16,2024/10/15,OK超商美國運通在地好店刷卡回饋雙重奏,https://onelife.tw/a/20677
聯華食品抽獎,2024/05/13,2024/10/27,可樂果就素這味呷素月月抽霹靂好禮,https://onelife.tw/a/20562
